insert into cozinha (id, nome) values (1, 'Tailandesa');
insert into cozinha (id, nome) values (2, 'Indiana');
insert into cozinha (id, nome) values (3, 'Argentina');
insert into cozinha (id, nome) values (4, 'Brasileira');

insert into estado (id, nome) values (1, 'Minas Gerais');
insert into estado (id, nome) values (2, 'São Paulo');
insert into estado (id, nome) values (3, 'Ceará');

insert into cidade (id, nome, estado_id) values (1, 'Uberlândia', 1);
insert into cidade (id, nome, estado_id) values (2, 'Belo Horizonte', 1);
insert into cidade (id, nome, estado_id) values (3, 'São Paulo', 2);
insert into cidade (id, nome, estado_id) values (4, 'Campinas', 2);
insert into cidade (id, nome, estado_id) values (5, 'Fortaleza', 3);

insert into restaurante (id, nome, taxa_frete, cozinha_id, data_cadastro, data_atualizacao, endereco_cidade_id, endereco_cep, endereco_logradouro, endereco_numero, endereco_bairro) values (1, 'Gourmet', 10, 1, utc_timestamp, utc_timestamp, 1, '38400-999', 'Rua João Pinheiro', '1000', 'Centro');
insert into restaurante (id, nome, taxa_frete, cozinha_id, data_cadastro, data_atualizacao) values (2, 'Delivery', 9.50, 1, utc_timestamp, utc_timestamp);
insert into restaurante (id, nome, taxa_frete, cozinha_id, data_cadastro, data_atualizacao) values (3, 'Comida Indiana', 15, 2, utc_timestamp, utc_timestamp);
insert into restaurante (id, nome, taxa_frete, cozinha_id, data_cadastro, data_atualizacao) values (4, 'Steakhouse', 12, 3, utc_timestamp, utc_timestamp);
insert into restaurante (id, nome, taxa_frete, cozinha_id, data_cadastro, data_atualizacao) values (5, 'Lanchonete do Seu Zé', 11, 4, utc_timestamp, utc_timestamp);
insert into restaurante (id, nome, taxa_frete, cozinha_id, data_cadastro, data_atualizacao) values (6, 'Bar da Margarida', 6, 4, utc_timestamp, utc_timestamp);

insert into forma_pagamento (id, descricao) values (1, 'Cartão de crédito');
insert into forma_pagamento (id, descricao) values (2, 'Cartão de débito');
insert into forma_pagamento (id, descricao) values (3, 'Dinheiro');

insert into permissao (id, nome, descricao) values (1, 'CONSULTAR_COZINHAS', 'Permite consultar cozinhas');
insert into permissao (id, nome, descricao) values (2, 'EDITAR_COZINHAS', 'Permite editar cozinhas');

insert into restaurante_forma_pagamento (restaurante_id, forma_pagamento_id) values (1, 1), (1, 2), (1, 3), (2, 3), (3, 2), (3, 3), (4, 1), (4, 2), (5, 1), (5, 2), (6, 3);

insert into produto (nome, descricao, preco, ativo, restaurante_id) values ('Porco assado', 'Carne suína com limão', 78.90, 1, 1);
insert into produto (nome, descricao, preco, ativo, restaurante_id) values ('Camarão', 'Porção de camarões', 110, 1, 1);
insert into produto (nome, descricao, preco, ativo, restaurante_id) values ('Salada tailandesa', 'Salada de gengibre, limão, pimenta chilli vermelha, óleo de gergelim, azeite, shoyu, pepino e coentro', 87.20, 1, 2);
insert into produto (nome, descricao, preco, ativo, restaurante_id) values ('Samosa', 'Pastéis fritos que podem ser recheados com lentilhas', 21, 1, 3);
insert into produto (nome, descricao, preco, ativo, restaurante_id) values ('Curry', 'Cubos de frango preparados com molho curry e especiarias', 43, 1, 3);
insert into produto (nome, descricao, preco, ativo, restaurante_id) values ('Bife Ancho', 'Bife que tem cerca de dois dedos de altura, é assado na grelha e depois na churrasqueira', 79, 1, 4);
insert into produto (nome, descricao, preco, ativo, restaurante_id) values ('Choripán', 'Pão com linguiça', 89, 1, 4);
insert into produto (nome, descricao, preco, ativo, restaurante_id) values ('Espetinho', 'Acompanha farinha', 8, 1, 6);
insert into produto (nome, descricao, preco, ativo, restaurante_id) values ('X-Bacon', 'Sandubão com muito queijo, hamburger bovino, bacon, ovo, salada e maionese', 19, 1, 5);